<?xml version="1.0" encoding="utf-8"?>
<!DOCTYPE article PUBLIC "-//NLM//DTD JATS (Z39.96) Journal Archiving
and Interchange DTD v1.2 20190208//EN" "JATS-archivearticle1.dtd">
<article xmlns:mml="http://www.w3.org/1998/Math/MathML" xmlns:xlink="http://www.w3.org/1999/xlink" dtd-version="1.2" article-type="other">
  <front>
    <journal-meta>
      <journal-id/>
      <journal-title-group>
        <journal-title>Unpublished</journal-title>
      </journal-title-group>
      <issn/>
      <publisher>
        <publisher-name/>
      </publisher>
    </journal-meta>
    <article-meta>
      <title-group>
        <article-title>A Hitchhiker’s Guide to Temporal Complexity for Resting
State fMRI Analysis</article-title>
      </title-group>
      <contrib-group>
        <contrib contrib-type="author">
          <contrib-id contrib-id-type="orcid">0000-0002-1142-8622</contrib-id>
          <name>
            <surname>Wilson</surname>
            <given-names>Isabel Si-En</given-names>
          </name>
          <string-name>Isabel Si-En Wilson</string-name>
          <email>isabelsienw@gmail.com</email>
          <role vocab="https://credit.niso.org" vocab-term="data curation" vocab-term-identifier="https://credit.niso.org/contributor-roles/data-curation/">data
curation</role>
          <role vocab="https://credit.niso.org" vocab-term="formal analysis" vocab-term-identifier="https://credit.niso.org/contributor-roles/formal-analysis/">formal
analysis</role>
          <role vocab="https://credit.niso.org" vocab-term="investigation" vocab-term-identifier="https://credit.niso.org/contributor-roles/investigation/">investigation</role>
          <role vocab="https://credit.niso.org" vocab-term="methodology" vocab-term-identifier="https://credit.niso.org/contributor-roles/methodology/">methodology</role>
          <role vocab="https://credit.niso.org" vocab-term="investigation" vocab-term-identifier="https://credit.niso.org/contributor-roles/investigation/">investigation</role>
          <role vocab="https://credit.niso.org" vocab-term="visualization" vocab-term-identifier="https://credit.niso.org/contributor-roles/visualization/">visualization</role>
          <role>writing - original draft preparation</role>
          <xref ref-type="aff" rid="1">a</xref>
        </contrib>
        <contrib contrib-type="author">
          <contrib-id contrib-id-type="orcid">0000-0002-2930-3940</contrib-id>
          <name>
            <surname>Zamani</surname>
            <given-names>Andre</given-names>
          </name>
          <string-name>Andre Zamani</string-name>
          <role>writing - review &amp; editing</role>
          <xref ref-type="aff" rid="2">b</xref>
        </contrib>
        <contrib contrib-type="author" corresp="yes">
          <contrib-id contrib-id-type="orcid">0000-0001-7295-0775</contrib-id>
          <name>
            <surname>Weber</surname>
            <given-names>Alexander Mark</given-names>
          </name>
          <string-name>Alexander Mark Weber</string-name>
          <degrees>PhD, MSc</degrees>
          <email>aweber@bcchr.ca</email>
          <role vocab="https://credit.niso.org" vocab-term="conceptualization" vocab-term-identifier="https://credit.niso.org/contributor-roles/conceptualization/">conceptualization</role>
          <role vocab="https://credit.niso.org" vocab-term="data curation" vocab-term-identifier="https://credit.niso.org/contributor-roles/data-curation/">data
curation</role>
          <role vocab="https://credit.niso.org" vocab-term="formal analysis" vocab-term-identifier="https://credit.niso.org/contributor-roles/formal-analysis/">formal
analysis</role>
          <role vocab="https://credit.niso.org" vocab-term="funding acquisition" vocab-term-identifier="https://credit.niso.org/contributor-roles/funding-acquisition/">funding
acquisition</role>
          <role vocab="https://credit.niso.org" vocab-term="investigation" vocab-term-identifier="https://credit.niso.org/contributor-roles/investigation/">investigation</role>
          <role vocab="https://credit.niso.org" vocab-term="methodology" vocab-term-identifier="https://credit.niso.org/contributor-roles/methodology/">methodology</role>
          <role vocab="https://credit.niso.org" vocab-term="project administration" vocab-term-identifier="https://credit.niso.org/contributor-roles/project-administration/">project
administration</role>
          <role vocab="https://credit.niso.org" vocab-term="resources" vocab-term-identifier="https://credit.niso.org/contributor-roles/resources/">resources</role>
          <role vocab="https://credit.niso.org" vocab-term="supervision" vocab-term-identifier="https://credit.niso.org/contributor-roles/supervision/">supervision</role>
          <role vocab="https://credit.niso.org" vocab-term="validation" vocab-term-identifier="https://credit.niso.org/contributor-roles/validation/">validation</role>
          <role vocab="https://credit.niso.org" vocab-term="visualization" vocab-term-identifier="https://credit.niso.org/contributor-roles/visualization/">visualization</role>
          <role>writing - review &amp; editing</role>
          <xref ref-type="aff" rid="1">a</xref>
          <xref ref-type="aff" rid="3">c</xref>
          <xref ref-type="corresp" rid="cor-3">*</xref>
        </contrib>
      </contrib-group>
      <aff id="1">
        <institution-wrap>
          <institution>BC Children’s Hospital Research Institute, The University
of British Columbia, Vancouver, BC, Canada</institution>
        </institution-wrap>
      </aff>
      <aff id="2">
        <institution-wrap>
          <institution>Department of Neuroscience, The University of British
Columbia, Vancouver, BC, Canada</institution>
        </institution-wrap>
      </aff>
      <aff id="3">
        <institution-wrap>
          <institution>School of Biomedical Engineering, The University of British
Columbia, Vancouver, BC, Canada</institution>
        </institution-wrap>
      </aff>
      <author-notes>
        <corresp id="cor-3">aweber@bcchr.ca</corresp>
      </author-notes>
      <pub-date date-type="pub" publication-format="electronic" iso-8601-date="2025-12-02">
        <year>2025</year>
        <month>12</month>
        <day>2</day>
      </pub-date>
      <history/>
      <abstract>
        <p>Cognitive and clinical neuroimaging have increasingly drawn on tools
from complexity science to characterize the nonlinear dynamics of the
brain. Temporal complexity metrics reflect a range of approaches to
complexity in time series, including describing the system’s regularity
and irregularity, predictability and unpredictability, information
compressibility, and long-term memory. In functional magnetic resonance
imaging (fMRI), applications of temporal complexity are scattered across
siloed literatures with varying clarity, which limits accessibility and
therefore prevalence. This review aims to bridge this gap by
communicating the basics of temporal complexity to fMRI scientists. We
offer a comprehensive guide to temporal complexity in fMRI, including an
overview of fMRI temporal complexity metrics—Shannon entropy, variations
of (multi-scale) sample entropy, Lempel-Ziv complexity, avalanche
measures, and Hurst—followed by a comprehensive review of extant
applications in fMRI.</p>
      </abstract>
      <kwd-group kwd-group-type="author">
        <kwd>temporal complexity</kwd>
        <kwd>complexity</kwd>
        <kwd>entropy</kwd>
        <kwd>sample entropy</kwd>
        <kwd>hurst exponent</kwd>
        <kwd>fractal dimension</kwd>
        <kwd>fractal</kwd>
        <kwd>functional magnetic resonance imaging</kwd>
        <kwd>resting-state</kwd>
        <kwd>nonlinear dynamics</kwd>
        <kwd>neuroscience</kwd>
        <kwd>brain</kwd>
        <kwd>blood-oxygen level dependence</kwd>
        <kwd>predictability</kwd>
        <kwd>irregularity</kwd>
        <kwd>long-range temporal correlations</kwd>
        <kwd>long-term memory</kwd>
        <kwd>scale-invariance</kwd>
        <kwd>power-law</kwd>
      </kwd-group>
    </article-meta>
  </front>
  <body>
    <sec id="introduction">
      <title>Introduction</title>
      <p>Hello
  (<xref alt="Beggs 2022" rid="ref-beggsCortexCriticalPoint2022" ref-type="bibr">Beggs
  2022</xref>)</p>
    </sec>
  </body>
  <back>
    <ref-list>
      <title>References</title>
      <ref id="ref-beggsCortexCriticalPoint2022">
        <element-citation publication-type="book">
          <person-group person-group-type="author">
            <name>
              <surname>Beggs</surname>
              <given-names>John M.</given-names>
            </name>
          </person-group>
          <source>The Cortex and the Critical Point</source>
          <publisher-name>MIT Press Direct</publisher-name>
          <publisher-loc>Cambridge, MA</publisher-loc>
          <year iso-8601-date="2022">2022</year>
          <date-in-citation content-type="access-date">
            <year iso-8601-date="2024-09-28">2024</year>
            <month>09</month>
            <day>28</day>
          </date-in-citation>
          <edition>1</edition>
          <isbn>978-0-262-37034-9</isbn>
        </element-citation>
      </ref>
    </ref-list>
  </back>
</article>
