<?xml version="1.0" encoding="UTF-8"?>
<!DOCTYPE manifest PUBLIC "-//MECA//DTD Manifest v1.0//en" "MECA_manifest.dtd">
<manifest manifest-version="1" xmlns="https://manuscriptexchange.org/schema/manifest" xmlns:xlink="http://www.w3.org/1999/xlink">
  <item item-type="article-metadata">
    <instance media-type="text/xml" xlink:href="index.xml"/>
  </item>
  <item item-type="manuscript">
    <instance media-type="application/pdf" xlink:href="index.pdf"/>
  </item>
  <item item-type="manuscript">
    <instance media-type="application/vnd.openxmlformats-officedocument.wordprocessingml.document" xlink:href="index.docx"/>
  </item>
  <item item-type="manuscript">
    <instance media-type="text/plain" xlink:href="_tex/index.tex"/>
  </item>
  <item item-type="manuscript-supporting-file">
    <instance media-type="image/png" xlink:href="index_files/figure-jats/notebooks-Figures-cell-7-output-1.png"/>
  </item>
  <item item-type="manuscript-supporting-file">
    <instance media-type="image/png" xlink:href="index_files/figure-jats/notebooks-Figures-fourproperties-output-1.png"/>
  </item>
  <item item-type="manuscript-supporting-file">
    <instance media-type="image/png" xlink:href="index_files/figure-jats/notebooks-Figures-typicalsamplepaths-output-1.png"/>
  </item>
  <item item-type="manuscript-supporting-file">
    <instance media-type="image/png" xlink:href="index_files/figure-jats/notebooks-Figures-wordcloud-output-1.png"/>
  </item>
  <item item-type="manuscript-supporting-file">
    <instance media-type="image/png" xlink:href="index_files/figure-jats/notebooks-Figures-sierpinskitriangle-output-1.png"/>
  </item>
  <item item-type="manuscript-supporting-file">
    <instance media-type="image/png" xlink:href="Figures_files/figure-jats/fourproperties-output-1.png"/>
  </item>
  <item item-type="manuscript-supporting-file">
    <instance media-type="image/png" xlink:href="Figures_files/figure-jats/cell-7-output-1.png"/>
  </item>
  <item item-type="manuscript-supporting-file">
    <instance media-type="image/png" xlink:href="Figures_files/figure-jats/sierpinskitriangle-output-1.png"/>
  </item>
  <item item-type="manuscript-supporting-file">
    <instance media-type="image/png" xlink:href="Figures_files/figure-jats/wordcloud-output-1.png"/>
  </item>
  <item item-type="manuscript-supporting-file">
    <instance media-type="image/png" xlink:href="Figures_files/figure-jats/typicalsamplepaths-output-1.png"/>
  </item>
  <item item-type="manuscript-supporting-file">
    <instance media-type="image/png" xlink:href="_tex/index_files/figure-latex/notebooks-Figures-cell-7-output-1.png"/>
  </item>
  <item item-type="manuscript-supporting-file">
    <instance media-type="image/png" xlink:href="_tex/index_files/figure-latex/notebooks-Figures-fourproperties-output-1.png"/>
  </item>
  <item item-type="manuscript-supporting-file">
    <instance media-type="image/png" xlink:href="_tex/index_files/figure-latex/notebooks-Figures-typicalsamplepaths-output-1.png"/>
  </item>
  <item item-type="manuscript-supporting-file">
    <instance media-type="image/png" xlink:href="_tex/index_files/figure-latex/notebooks-Figures-wordcloud-output-1.png"/>
  </item>
  <item item-type="manuscript-supporting-file">
    <instance media-type="image/png" xlink:href="_tex/index_files/figure-latex/notebooks-Figures-sierpinskitriangle-output-1.png"/>
  </item>
  <item item-type="manuscript-supporting-file">
    <instance media-type="image/png" xlink:href="_tex/images/unnamed.png"/>
  </item>
  <item item-type="manuscript-supporting-file">
    <instance media-type="image/png" xlink:href="_tex/images/exact_vs_statistical_tree.png"/>
  </item>
  <item item-type="manuscript-supporting-file">
    <instance media-type="application/octet-stream" xlink:href="_tex/elsarticle.cls"/>
  </item>
  <item item-type="manuscript-supporting-file">
    <instance media-type="application/octet-stream" xlink:href="_tex/BrainDynamics.bib"/>
  </item>
  <item item-type="manuscript-supporting-file">
    <instance media-type="image/png" xlink:href="images/unnamed.png"/>
  </item>
  <item item-type="manuscript-supporting-file">
    <instance media-type="image/png" xlink:href="images/exact_vs_statistical_tree.png"/>
  </item>
  <item item-type="manuscript-supporting-file">
    <instance media-type="application/x-ipynb+json" xlink:href="notebooks/Figures.ipynb"/>
  </item>
  <item item-type="manuscript-supporting-file">
    <instance media-type="text/markdown" xlink:href="notes.md"/>
  </item>
  <item item-type="article-source">
    <instance media-type="application/octet-stream" xlink:href="source/.python-version"/>
  </item>
  <item item-type="article-source">
    <instance media-type="application/octet-stream" xlink:href="source/BrainDynamics.bib"/>
  </item>
  <item item-type="article-source">
    <instance media-type="text/markdown" xlink:href="source/README.md"/>
  </item>
  <item item-type="article-source">
    <instance media-type="application/octet-stream" xlink:href="source/_quarto.yml"/>
  </item>
  <item item-type="article-source">
    <instance media-type="application/octet-stream" xlink:href="source/elsarticle-num.bst"/>
  </item>
  <item item-type="article-source">
    <instance media-type="application/octet-stream" xlink:href="source/elsarticle.cls"/>
  </item>
  <item item-type="article-source">
    <instance media-type="image/png" xlink:href="source/images/exact_vs_statistical_tree.png"/>
  </item>
  <item item-type="article-source">
    <instance media-type="image/png" xlink:href="source/images/fourproperties.png"/>
  </item>
  <item item-type="article-source">
    <instance media-type="application/octet-stream" xlink:href="source/images/fractaltree/fractal_tree.xcf"/>
  </item>
  <item item-type="article-source">
    <instance media-type="application/octet-stream" xlink:href="source/images/fractaltree/tree.xcf"/>
  </item>
  <item item-type="article-source">
    <instance media-type="image/png" xlink:href="source/images/sierpinkski.png"/>
  </item>
  <item item-type="article-source">
    <instance media-type="image/png" xlink:href="source/images/typicalsamplepaths.png"/>
  </item>
  <item item-type="article-source">
    <instance media-type="image/png" xlink:href="source/images/unnamed.png"/>
  </item>
  <item item-type="article-source">
    <instance media-type="image/png" xlink:href="source/images/wordcloud_pubmed.png"/>
  </item>
  <item item-type="article-source">
    <instance media-type="application/octet-stream" xlink:href="source/index.qmd"/>
  </item>
  <item item-type="article-source">
    <instance media-type="application/octet-stream" xlink:href="source/index.spl"/>
  </item>
  <item item-type="article-source">
    <instance media-type="application/octet-stream" xlink:href="source/main.py"/>
  </item>
  <item item-type="article-source">
    <instance media-type="application/x-ipynb+json" xlink:href="source/notebooks/Figures.ipynb"/>
  </item>
  <item item-type="article-source">
    <instance media-type="image/png" xlink:href="source/notebooks/datafiles/brain.png"/>
  </item>
  <item item-type="article-source">
    <instance media-type="text/plain" xlink:href="source/notebooks/datafiles/fMRIComplexityTerms.txt"/>
  </item>
  <item item-type="article-source">
    <instance media-type="image/png" xlink:href="source/notebooks/datafiles/fractal_tree.png"/>
  </item>
  <item item-type="article-source">
    <instance media-type="text/plain" xlink:href="source/notebooks/datafiles/pubmedsearchresults.txt"/>
  </item>
  <item item-type="article-source">
    <instance media-type="text/plain" xlink:href="source/notebooks/datafiles/wordlist.txt"/>
  </item>
  <item item-type="article-source">
    <instance media-type="image/png" xlink:href="source/notebooks/wordcloud_pubmed.png"/>
  </item>
  <item item-type="article-source">
    <instance media-type="application/octet-stream" xlink:href="source/pyproject.toml"/>
  </item>
  <item item-type="article-source">
    <instance media-type="application/octet-stream" xlink:href="source/uv.lock"/>
  </item>
  <item item-type="article-source-directory">
    <instance media-type="application/x-directory" xlink:href="source"/>
  </item>
</manifest>